id,region,platform,date,title,url,stance,nostalgia_ip,play_community,speculation_fomo,scarcity_scalping,supply_reprint,affordability_macro,grading_financialization,exit_liquidity,analyst_note
1,US,Reddit,2026-06,"What do you think of the One Piece market boom?",https://www.reddit.com/r/OnePieceTCGFinance/comments/1u1w7ro/what_do_you_think_of_the_one_piece_market_boom/,mixed,0,0,1,1,0,1,0,1,"Rapid 2x–5x moves and affordability concerns; anecdotal."
2,US,Reddit,2026-06,"TCG market situation and OPTCG",https://www.reddit.com/r/OnePieceTCGFinance/comments/1udwgx2/tcg_market_situation_and_optcg/,mixed,1,0,1,1,1,0,0,0,"Collector narrative paired with warnings about shortage, FOMO, and correction."
3,US,Reddit,2025-12,"Is this a bubble?",https://www.reddit.com/r/OnePieceTCGFinance/comments/1po6dwz/is_this_a_bubble/,mixed,0,0,1,0,0,1,0,1,"Polarized bull/bubble discussion with no representative sampling."
4,US,Reddit,2025-12,"Market bubble",https://www.reddit.com/r/OnePieceTCG/comments/1phmjt2/market_bubble/,mixed,0,1,1,0,1,1,0,0,"Players distinguish affordable base cards from inflated alternate arts; print ramp discussed."
5,US,Reddit,2025-09,"Manipulation and tracker-driven FOMO",https://www.reddit.com/r/PokemonInvesting/comments/1ntzvik,negative,0,0,1,1,0,0,0,0,"Claims small groups can buy out thin cards and social trackers amplify moves."
6,US,Reddit,2026-04,"It is scary how many people think this market is not a bubble",https://www.reddit.com/r/PokeInvesting/comments/1sqlbva/its_scary_how_many_people_think_this_market_isnt/,negative,0,0,1,0,0,1,0,0,"Seller/flipper dominance and bubble risk; community opinion only."
7,US,Reddit,2025-07,"Thought I have been having",https://www.reddit.com/r/PokemonInvesting/comments/1m5jafm/thought_i_been_having/,positive,1,0,0,0,0,1,0,0,"Matches the aging-fan/disposable-income thesis and questions future cohorts."
8,US,X,2026-03,"New floor and no easy retail",https://x.com/DannypTCG/status/2034434953740730559,negative,0,0,1,1,0,1,0,0,"High-view post about scalpers and retail access; engagement does not equal representativeness."
9,Japan,X,2026-01,"Error-energy spike described as inago momentum",https://x.com/MunPika_Pokemon/status/2015327712181940440,negative,0,0,1,0,0,1,0,1,"Japanese investor account questions who the eventual exit buyer will be."
10,US,X,2025-03,"Scalpers fighting over vending restock",https://x.com/PokeTCGiveaways/status/1897259776398254558,negative,0,0,1,1,0,1,0,0,"Viral restock clip signals access frustration, not market size."
11,US,X,2026-02,"Junk slab era",https://x.com/pokegrade/status/2024469266838216921,negative,0,0,1,0,0,0,1,1,"Concern that grading capacity financializes low-quality supply."
12,Japan,Pokemon BBS,2026-06,"Anniversary product fairness and reseller orientation",https://pokekun.com/thread.php?no=49965,negative,0,0,0,1,1,1,0,0,"Local-board criticism focuses on fairness and access."
13,Japan,5ch mirror,2026-05,"High-price surge and crash thread",https://n2ch.net/r/x_E-7-07----dHK6/tcg/1777726857/1-?guid=ON&rc=1002,mixed,0,0,1,1,0,1,0,1,"Mentions wealthy and cross-border buyers; low-verification venue."
14,Japan,Talk.jp,2026-02,"Printability and reseller-only demand as crash risk",https://talk.jp/boards/newsplus/1771810296,negative,0,0,1,0,1,0,0,0,"Reprint elasticity is framed as a key downside."
15,Taiwan,PTT,2025-12,"Nostalgia as commodity and bubble risk",https://www.ptt.cc/bbs/Stock/M.1764732341.A.174.html,mixed,1,0,1,0,0,1,0,1,"Useful framing, but numerical return claims in the thread were not reused."
16,Taiwan,PTT,2024-05,"Cards as family communication and education",https://www.ptt.cc/bbs/Preschooler/M.1715993917.A.61E.html,positive,1,1,0,0,0,0,0,0,"Parent discussion shows non-financial utility and intergenerational play."
17,Taiwan,Disp.cc,2021-10,"Taipei promo price fell after supply expanded",https://disp.cc/b/CityNight/dU9X,negative,0,0,0,1,1,1,0,0,"Anecdotal example of local supply shocks; not a general market estimate."
18,US,Reddit,2025-12,"Online scalper price or retail markup?",https://www.reddit.com/r/OnePieceTCG/comments/1pl8ogt/is_this_just_the_online_scalper_price_or_sum/,negative,0,0,0,1,0,1,0,0,"Retail-versus-local-store markup discussion illustrates channel fragmentation."
